{
	"大连港": [121.661079, 38.938461],
	"营口港": [122.109222, 40.269081],
	"秦皇岛港": [119.641838, 39.928791],
	"天津港": [117.479584, 39.153275],
	"烟台港": [121.39193, 37.555241],
	"青岛港": [120.20578, 36.017521],
	"日照港": [119.55574, 35.380772],
	"上海海港": [121.50193, 31.378481],
	"连云港港": [119.42852, 34.741241],
	"宁波舟山港": [122.10679, 30.01979],
	"汕头港": [116.736656, 23.35364],
	"广州港": [113.451942, 23.094193],
	"湛江港": [110.416, 21.181061],
	"海口港": [110.283722, 20.02202],
	"八所港": [108.65367, 19.09614],
	"重庆港": [106.588463, 29.56805],
	"万州港": [108.387466, 30.80975],
	"宜昌港": [111.30442, 30.681158],
	"武汉港": [114.299782, 30.578127],
	"黄石港": [115.06611, 30.22286],
	"九江港": [115.981529, 29.724661],
	"安庆港": [117.048553, 30.50013],
	"池州港": [117.56733, 30.68673],
	"铜陵港": [117.748505, 30.880417],
	"芜湖港": [118.356392, 31.34333],
	"马鞍山港": [118.469902, 31.732599],
	"南京港": [118.736656, 32.094749],
	"镇江港": [119.388367, 32.21402],
	"泰州港": [119.898323, 32.236931],
	"扬州港": [119.443253, 32.271851],
	"江阴港": [120.28432, 31.91919],
	"常州港": [119.994209, 31.961081],
	"南通港": [120.820282, 32.007179],
	"上海河港": [121.153847, 31.18749],

	"竣德站": [130.291962, 47.197071],
	"鹤岗站": [130.284729, 47.340328],
	"双鸭山站": [131.15181, 46.645359],
	"七台河站": [130.90213, 45.811451],
	"恒山站": [113.277107, 40.360409],
	"大官屯站": [123.870552, 41.857059],
	"本溪站": [123.758797, 41.295181],
	"灵山站": [122.98597, 41.112598],
	"霍林河站": [122.25615, 43.62244],
	"阜新站": [121.63784, 41.987411],
	"新港站": [117.209953, 39.136509],
	"古冶站": [118.418083, 39.72242],
	"阳泉站": [113.60075, 37.84739],
	"白羊墅站": [113.651779, 37.84977],
	"云岗西站": [113.14013, 40.25585],
	"新高山站": [113.14013, 40.25585],
	"大同东站": [113.363342, 40.113602],
	"口泉站": [113.140266, 40.014149],
	"北周庄站": [112.829262, 39.600967],
	"大新站": [112.492821, 39.34811],
	"古交站": [112.17588, 37.90714],
	"玉门沟站": [112.587624, 37.8605],
	"介休站": [111.91672, 37.0271],
	"白云鄂博站": [109.957367, 41.773628],
	"万水泉站": [109.906891, 40.59425],
	"嘉峰站": [112.522491, 35.586369],
	"晋城北站": [112.904701, 35.509392],
	"长冶北站": [113.12096, 36.30955],
	"平顶山东站": [113.39344, 33.734821],
	"武昌东站": [114.449013, 30.58411],
	"黄岛站": [120.179222, 36.048153],
	"日照站": [119.532463, 35.40361],
	"连云港东站": [119.340851, 34.718201],
	"潘集西站": [117.024055, 32.661777],
	"湛江站": [110.38723, 21.187708],

	"哈尔滨站": [126.631905, 45.761089],
	"沈阳站": [123.410782, 41.789928],
	"鞍山站": [122.98597, 41.112598],
	"长春站": [125.321472, 43.907829],
	"本溪站": [123.758797, 41.295181],
	"锦州站": [121.140854, 41.125141],
	"吉林站": [126.575943, 43.858662],
	"北京站": [116.427132, 39.902786],
	"北京南站": [116.378929, 39.865078],
	"北京西站": [116.322899, 39.8946],
	"天津站": [117.209953, 39.136509],
	"石家庄站": [114.484337, 38.010536],
	"太原站": [112.587624, 37.8605],
	"郑州站": [113.659615, 34.746044],
	"武昌站": [114.317657, 30.528578],
	"洛阳站": [112.436142, 34.685509],
	"西安站": [108.962685, 34.277386],
	"济南站": [116.990814, 36.670956],
	"徐州站": [117.206543, 34.265469],
	"南京站": [118.797707, 32.086723],
	"蚌埠站": [117.378471, 32.943169],
	"镇江站": [119.43396, 32.13188],
	"常州站": [119.973137, 31.785143],
	"无锡站": [120.306694, 31.587919],
	"苏州站": [120.610817, 31.329628],
	"上海站": [121.455544, 31.249453],
	"杭州站": [120.182487, 30.24375],
	"南昌站": [115.919083, 28.662031],
	"广州站": [113.25795, 23.149321],
	"深圳站": [114.117203, 22.531893],
	"柳州站": [109.387779, 24.310907],
	"成都站": [104.08326, 30.82019],
	"重庆站": [106.547394, 29.549831],
	"贵阳站": [106.703102, 26.556923],
	"兰州站": [103.85112, 36.034805],
	"乌鲁木齐站": [87.586212, 43.780319],

    "北京": [116.23128, 40.22077],
    "漠河": [122.53864, 52.97209],
    "上海": [121.48941, 31.40527],
    "三沙": [112.33356, 16.83272],
    "喀什": [75.99381, 39.46772],
    "重庆": [106.54041, 29.40268],
    "日喀则": [88.885147, 29.267519],
    "天津": [117.30983, 39.71755],
    "深圳": [113.88308, 22.55329],
    "同江": [132.51101, 47.64213],

    "阿拉山口": [82.5757, 45.1706],
    "包头": [109.8403, 40.6574],
    "成都": [104.0665, 30.5723],
    "大连": [121.6147, 38.9140],
    "大同": [113.3001, 40.0768],
    "德州": [116.3575, 37.4341],
    "福州": [119.2965, 26.0745],
    "广州": [113.2644, 23.1292],
    "贵阳": [106.6302, 26.6477],
    "哈尔滨": [126.5363, 45.8023],
    "邯郸": [114.5391, 36.6256],
    "杭州": [120.1551, 30.2741],
    "合肥": [117.2272, 31.8206],
    "侯马": [111.3720, 35.6191],
    "怀化": [109.9985, 27.5550],
    "淮安": [119.0153, 33.6104],
    "黄骅": [117.3300, 38.3714],
    "济南": [117.1205, 36.6510],
    "焦作": [113.2418, 35.2159],
    "九江": [116.0019, 29.7051],
    "九龙红磡": [114.1870, 22.3076],
    "昆明": [102.8329, 24.8801],
    "拉萨": [91.1409, 29.6456],
    "兰州": [103.8343, 36.0611],
    "黎塘": [109.1363, 23.2066],
    "连云港": [119.2216, 34.5967],
    "临汾": [111.5190, 36.0880],
    "柳州": [109.4160, 24.3255],
    "龙口": [120.4778, 37.6461],
    "洛阳": [112.4540, 34.6197],
    "满洲里": [117.3787, 49.5978],
    "南昌": [115.8581, 28.6832],
    "南京": [118.7969, 32.0603],
    "南宁": [108.3661, 22.8172],
    "南阳": [112.5283, 32.9908],
    "宁波": [121.5440, 29.8683],
    "启东": [121.6574, 31.8082],
    "秦皇岛": [119.6005, 39.9354],
    "青岛": [120.3826, 36.0671],
    "日照": [119.5269, 35.4164],
    "厦门": [118.0894, 24.4798],
    "神木": [110.4871, 38.8610],
    "沈阳": [123.4315, 41.8057],
    "台前": [115.8717, 35.9701],
    "太原": [112.5489, 37.8706],
    "汤阴": [114.3572, 35.9218],
    "铜陵": [117.8121, 30.9454],
    "瓦塘": [109.7600, 23.3161],
    "温州": [120.6994, 27.9943],
    "乌鲁木齐": [87.6168, 43.8256],
    "武汉": [114.3054, 30.5931],
    "西安": [108.9402, 34.3416],
    "新乡": [113.9268, 35.3030],
    "信阳": [114.0913, 32.1470],
    "烟台": [121.4479, 37.4638],
    "兖州": [116.7838, 35.5531],
    "月山": [113.0550, 35.2104],
    "湛江": [110.3594, 21.2707],
    "长治": [113.1163, 36.1954],
    "郑州": [113.6254, 34.7466]
}
