{
    "闵行机房" : [121.4238612900,31.1826177500],
    "宝山机房" : [121.6399585300,31.2807517300]
}
